{"cameraMode":{"drawMode":0,"name":"Shaded","section":"Shading Mode"},"sceneLighting":false,"audioPlay":false,"sceneViewState":{"showFog":true,"showMaterialUpdate":false,"showSkybox":false,"showFlares":true,"showImageEffects":true,"showParticleSystems":true},"in2DMode":false,"pivot":{"x":-267.3280029296875,"y":19.7205753326416,"z":159.47735595703126},"rotation":{"x":0.09956303983926773,"y":0.7147530913352966,"z":-0.10351867973804474,"w":0.6847461462020874},"size":0.31078365445137026,"orthographic":false}