{"cameraMode":{"drawMode":0,"name":"Shaded","section":"Shading Mode"},"sceneLighting":false,"audioPlay":false,"sceneViewState":{"showFog":true,"showMaterialUpdate":false,"showSkybox":false,"showFlares":true,"showImageEffects":true,"showParticleSystems":true},"in2DMode":false,"pivot":{"x":0.8669039607048035,"y":0.5802432298660278,"z":0.6282650232315064},"rotation":{"x":-0.11883164942264557,"y":-0.8808371424674988,"z":0.33620744943618777,"w":-0.31153732538223269},"size":1.0271319150924683,"orthographic":false}