{"cameraMode":{"drawMode":0,"name":"Shaded","section":"Shading Mode"},"sceneLighting":false,"audioPlay":false,"sceneViewState":{"showFog":true,"showMaterialUpdate":false,"showSkybox":false,"showFlares":true,"showImageEffects":true,"showParticleSystems":true},"in2DMode":false,"pivot":{"x":0.06477227807044983,"y":1.0112102031707764,"z":1.9412800073623658},"rotation":{"x":-0.033394355326890948,"y":0.962069571018219,"z":-0.23398737609386445,"w":-0.13675057888031007},"size":0.06363965570926666,"orthographic":false}