{"cameraMode":{"drawMode":0,"name":"Shaded","section":"Shading Mode"},"sceneLighting":true,"audioPlay":false,"sceneViewState":{"showFog":true,"showMaterialUpdate":false,"showSkybox":false,"showFlares":true,"showImageEffects":true,"showParticleSystems":true},"in2DMode":false,"pivot":{"x":-7.675436973571777,"y":-9.293671607971192,"z":-1.3102344274520875},"rotation":{"x":0.10049571096897125,"y":-0.8547588586807251,"z":0.17611193656921388,"w":0.47859227657318118},"size":24.24871063232422,"orthographic":false}